region,count_companies,count_patents,sum_rdex,sum_capex,mean_assets,sum_sales,sum_ebitda
North America,45896,1337411,5471058.47588146,11227111.742191508,9920.44057024076,178405677.0544376,34049436.30339842
Europe,5777,369090,3143207.0197108984,5698889.057969611,31337.62729895752,85718178.13621496,14323313.63660492
Asia Pacific,8949,1092678,2705056.0806465438,6603316.72003818,15910.712689949056,92874080.62126176,11898939.191035831
Other,794,4203,62606.351922242,625306.0623909027,8085.161740605268,3003528.934775698,840001.5211292196
